variable,description
LACCESS_POP10,"Population, low access to store, 2010"
LACCESS_POP15,"Population, low access to store, 2015"
PCH_LACCESS_POP_10_15,"Population, low access to store (% change), 2010 -15"
PCT_LACCESS_POP10,"Population, low access to store (%), 2010"
PCT_LACCESS_POP15,"Population, low access to store (%), 2015"
LACCESS_LOWI10,"Low income & low access to store, 2010"
LACCESS_LOWI15,"Low income & low access to store, 2015"
PCH_LACCESS_LOWI_10_15,"Low income & low access to store (% change), 2010 - 15"
PCT_LACCESS_LOWI10,"Low income & low access to store (%), 2010"
PCT_LACCESS_LOWI15,"Low income & low access to store (%), 2015"
LACCESS_HHNV10,"Households, no car & low access to store, 2010"
LACCESS_HHNV15,"Households, no car & low access to store, 2015"
PCH_LACCESS_HHNV_10_15,"Households, no car & low access to store (% change), 2010 - 15"
PCT_LACCESS_HHNV10,"Households, no car & low access to store (%), 2010"
PCT_LACCESS_HHNV15,"Households, no car & low access to store (%), 2015"
LACCESS_SNAP15,"SNAP households, low access to store, 2015"
PCT_LACCESS_SNAP15,"SNAP households, low access to store (%), 2015"
LACCESS_CHILD10,"Children, low access to store, 2010"
LACCESS_CHILD15,"Children, low access to store, 2015"
PCH_LACCESS_CHILD_10_15,"Children, low access to store (% change), 2010 - 15"
PCT_LACCESS_CHILD10,"Children, low access to store (%), 2010"
PCT_LACCESS_CHILD15,"Children, low access to store (%), 2015"
LACCESS_SENIORS10,"Seniors, low access to store, 2010"
LACCESS_SENIORS15,"Seniors, low access to store, 2015"
PCH_LACCESS_SENIORS_10_15,"Seniors, low access to store (% change), 2010 -15"
PCT_LACCESS_SENIORS10,"Seniors, low access to store (%), 2010"
PCT_LACCESS_SENIORS15,"Seniors, low access to store (%), 2015"
LACCESS_WHITE15,"White, low access to store, 2015"
PCT_LACCESS_WHITE15,"White, low access to store (%), 2015"
LACCESS_BLACK15,"Black, low access to store, 2015"
PCT_LACCESS_BLACK15,"Black, low access to store (%), 2015"
LACCESS_HISP15,"Hispanic ethnicity, low access to store, 2015"
PCT_LACCESS_HISP15,"Hispanic ethnicity, low access to store (%), 2015"
LACCESS_NHASIAN15,"Asian, low access to store, 2015"
PCT_LACCESS_NHASIAN15,"Asian, low access to store (%), 2015"
LACCESS_NHNA15,"American Indian or Alaska Native, low access to store, 2015"
PCT_LACCESS_NHNA15,"American Indian or Alaska Native, low access to store (%), 2015"
LACCESS_NHPI15,"Hawaiian or Pacific Islander, low access to store, 2015"
PCT_LACCESS_NHPI15,"Hawaiian or Pacific Islander, low access to store (%), 2015"
LACCESS_MULTIR15,"Multiracial, low access to store, 2015"
PCT_LACCESS_MULTIR15,"Multiracial, low access to store (%), 2015"
GROC11,"Grocery stores, 2011"
GROC16,"Grocery stores, 2016"
PCH_GROC_11_16,"Grocery stores (% change), 2011-16"
GROCPTH11,"Grocery stores/1,000 pop, 2011"
GROCPTH16,"Grocery stores/1,000 pop, 2016"
PCH_GROCPTH_11_16,"Grocery stores/1,000 pop (% change), 2011-16"
SUPERC11,"Supercenters & club stores, 2011"
SUPERC16,"Supercenters & club stores, 2016"
PCH_SUPERC_11_16,"Supercenters & club stores (% change), 2011-16"
SUPERCPTH11,"Supercenters & club stores/1,000 pop, 2011"
SUPERCPTH16,"Supercenters & club stores/1,000 pop, 2016"
PCH_SUPERCPTH_11_16,"Supercenters & club stores/1,000 pop (% change), 2011-16"
CONVS11,"Convenience stores, 2011"
CONVS16,"Convenience stores, 2016"
PCH_CONVS_11_16,"Convenience stores (% change), 2011-16"
CONVSPTH11,"Convenience stores/1,000 pop, 2011"
CONVSPTH16,"Convenience stores/1,000 pop, 2016"
PCH_CONVSPTH_11_16,"Convenience stores/1,000 pop (% change), 2011-16"
SPECS11,"Specialized food stores, 2011"
SPECS16,"Specialized food stores, 2016"
PCH_SPECS_11_16,"Specialized food stores (% change), 2011-16"
SPECSPTH11,"Specialized food stores/1,000 pop, 2011"
SPECSPTH16,"Specialized food stores/1,000 pop, 2016"
PCH_SPECSPTH_11_16,"Specialized food stores/1,000 pop (% change), 2011-16"
SNAPS12,"SNAP-authorized stores, 2012"
SNAPS17,"SNAP-authorized stores, 2017"
PCH_SNAPS_12_17,"SNAP-authorized stores (% change), 2012-17"
SNAPSPTH12,"SNAP-authorized stores/1,000 pop, 2012"
SNAPSPTH17,"SNAP-authorized stores/1,000 pop, 2017"
PCH_SNAPSPTH_12_17,"SNAP-authorized stores/1,000 pop (% change), 2012-17"
WICS11,"WIC-authorized stores, 2011"
WICS16,"WIC-authorized stores, 2016"
PCH_WICS_11_16,"WIC-authorized stores (% change), 2011-16"
WICSPTH11,"WIC-authorized stores/1,000 pop, 2011"
WICSPTH16,"WIC-authorized stores/1,000 pop, 2016"
PCH_WICSPTH_11_16,"WIC-authorized stores/1,000 pop (% change), 2011-16"
FFR11,"Fast-food restaurants, 2011"
FFR16,"Fast-food restaurants, 2016"
PCH_FFR_11_16,"Fast-food restaurants (% change), 2011-16"
FFRPTH11,"Fast-food restaurants/1,000 pop, 2011"
FFRPTH16,"Fast-food restaurants/1,000 pop, 2016"
PCH_FFRPTH_11_16,"Fast-food restaurants/1,000 pop (% change), 2011-16"
FSR11,"Full-service restaurants, 2011"
FSR16,"Full-service restaurants, 2016"
PCH_FSR_11_16,"Full-service restaurants (% change), 2011-16"
FSRPTH11,"Full-service restaurants/1,000 pop, 2011"
FSRPTH16,"Full-service restaurants/1,000 pop, 2016"
PCH_FSRPTH_11_16,"Full-service restaurants/1,000 pop (% change), 2011-16"
PC_FFRSALES07,"Expenditures per capita, fast food, 2007*"
PC_FFRSALES12,"Expenditures per capita, fast food, 2012*"
PC_FSRSALES07,"Expenditures per capita, restaurants, 2007*"
PC_FSRSALES12,"Expenditures per capita, restaurants, 2012*"
REDEMP_SNAPS12,"SNAP redemptions/SNAP-authorized stores, 2012"
REDEMP_SNAPS17,"SNAP redemptions/SNAP-authorized stores, 2017"
PCH_REDEMP_SNAPS_12_17,"SNAP redemptions/SNAP-authorized stores (% change), 2012-17"
PCT_SNAP12,"SNAP participants (% pop), 2012*"
PCT_SNAP17,"SNAP participants (% pop), 2017*"
PCH_SNAP_12_17,"SNAP participants (change % pop), 2012-17*"
PC_SNAPBEN12,"SNAP benefits per capita, 2012"
PC_SNAPBEN17,"SNAP benefits per capita, 2017"
PCH_PC_SNAPBEN_12_17,"SNAP benefits per capita (% change), 2012-17"
SNAP_PART_RATE11,"SNAP participants (% eligible pop), 2011*"
SNAP_PART_RATE16,"SNAP participants (% eligible pop), 2016*"
SNAP_OAPP09,"SNAP online application, 2009*"
SNAP_OAPP16,"SNAP online application, 2016*"
SNAP_CAP09,"SNAP Combined Application Project , 2009*"
SNAP_CAP16,"SNAP Combined Application Project , 2016*"
SNAP_BBCE09,"SNAP Broad-based Categorical Eligibility, 2009*"
SNAP_BBCE16,"SNAP Broad-based Categorical Eligibility, 2016*"
SNAP_REPORTSIMPLE09,"SNAP simplified reporting, 2009*"
SNAP_REPORTSIMPLE16,"SNAP simplified reporting, 2016*"
PCT_NSLP12,"National School Lunch Program participants (% children), 2012*"
PCT_NSLP17,"National School Lunch Program participants (% children), 2017*"
PCH_NSLP_12_17,"National School Lunch Program participants (change % children), 2012-17*"
PCT_FREE_LUNCH10,"Students eligible for free lunch (%), 2010"
PCT_FREE_LUNCH15,"Students eligible for free lunch (%), 2015"
PCT_REDUCED_LUNCH10,"Students eligible for reduced-price lunch (%), 2010"
PCT_REDUCED_LUNCH15,"Students eligible for reduced-price lunch (%), 2015"
PCT_SBP12,"School Breakfast Program participants (% children), 2012*"
PCT_SBP17,"School Breakfast Program participants (% children), 2017*"
PCH_SBP_12_17,"School Breakfast Program participants (change % children), 2012-17*"
PCT_SFSP12,"Summer Food Service Program participants (% children), 2012*"
PCT_SFSP17,"Summer Food Service Program participants (% children), 2017*"
PCH_SFSP_12_17,"Summer Food Program participants (change % children), 2012-17*"
PC_WIC_REDEMP11,"WIC redemptions per capita, 2011"
PC_WIC_REDEMP16,"WIC redemptions per capita, 2016"
PCH_PC_WIC_REDEMP_11_16,"WIC redemptions per capita (% change), 2011-16"
REDEMP_WICS11,"WIC redemptions/WIC-authorized stores, 2011"
REDEMP_WICS16,"WIC redemptions/WIC-authorized stores, 2016"
PCH_REDEMP_WICS_11_16,"WIC redemptions/WIC-authorized stores (% change), 2011-16"
PCT_WIC12,"WIC participants (% pop), 2012*"
PCT_WIC17,"WIC participants (% pop), 2017*"
PCH_WIC_12_17,"WIC participants (change % pop), 2012-17*"
PCT_WICINFANTCHILD14,"WIC infant and children participants (% infant & children), 2014*"
PCT_WICINFANTCHILD16,"WIC infant and children participants (% infant & children), 2016*"
PCH_WICINFANTCHILD_14_16,"WIC infant and children participants (change % infant & children), 2014-16*"
PCT_WICWOMEN14,"WIC women participants (% women), 2014*"
PCT_WICWOMEN16,"WIC women participants (% women), 2016*"
PCH_WICWOMEN_14_16,"WIC women participants (change % women), 2014-16*"
PCT_CACFP12,"Child & Adult Care (% pop), 2012*"
PCT_CACFP17,"Child & Adult Care (% pop), 2017*"
PCH_CACFP_12_17,"Child & Adult Care (change % pop), 2012-17*"
FDPIR12,"FDPIR Sites, 2012"
FDPIR15,"FDPIR Sites, 2015"
PCH_FDPIR_12_15,"FDPIR Sites, 2012-15"
FOOD_BANKS18,"Food Banks, 2018"
FOODINSEC_12_14,"Household food insecurity (%, three-year average), 2012-14*"
FOODINSEC_15_17,"Household food insecurity (%, three-year average), 2015-17*"
CH_FOODINSEC_14_17,"Household food insecurity (change %),2012-14 to 2015-17*"
VLFOODSEC_12_14,"Household very low food security (%, three-year average), 2012-14*"
VLFOODSEC_15_17,"Household very low food security (%, three-year average), 2015-17*"
CH_VLFOODSEC_14_17,"Household very low food security (change %), 2012-14 to 2015-17*"
SODATAX_STORES14,"Soda sales tax, retail stores, 2014*"
SODATAX_VENDM14,"Soda sales tax, vending, 2014*"
CHIPSTAX_STORES14,"Chip & pretzel sales tax, retail stores, 2014*"
CHIPSTAX_VENDM14,"Chip & pretzel sales tax, vending, 2014*"
FOOD_TAX14,"General food sales tax, retail stores, 2014*"
DIRSALES_FARMS07,"Farms with direct sales, 2007"
DIRSALES_FARMS12,"Farms with direct sales, 2012"
PCH_DIRSALES_FARMS_07_12,"Farms with direct sales (% change), 2007 - 12"
PCT_LOCLFARM07,"Farms with direct sales (%), 2007"
PCT_LOCLFARM12,"Farms with direct sales (%), 2012"
PCT_LOCLSALE07,"Direct farm sales (%), 2007"
PCT_LOCLSALE12,"Direct farm sales (%), 2012"
DIRSALES07,"Direct farm sales, 2007"
DIRSALES12,"Direct farm sales, 2012"
PCH_DIRSALES_07_12,"Direct farm sales (% change), 2007 - 12"
PC_DIRSALES07,"Direct farm sales per capita, 2007"
PC_DIRSALES12,"Direct farm sales per capita, 2012"
PCH_PC_DIRSALES_07_12,"Direct farm sales per capita (% change), 2007 - 12"
FMRKT13,"Farmers' markets, 2013"
FMRKT18,"Farmers' markets, 2018"
PCH_FMRKT_13_18,"Farmers' markets (% change), 2013-18"
FMRKTPTH13,"Farmers' markets/1,000 pop, 2013"
FMRKTPTH18,"Farmers' markets/1,000 pop, 2018"
PCH_FMRKTPTH_13_18,"Farmers' markets/1,000 pop (% change), 2013-18"
FMRKT_SNAP18,"Farmers' markets that report accepting SNAP, 2018"
PCT_FMRKT_SNAP18,"Farmers' markets that report accepting SNAP (%), 2018"
FMRKT_WIC18,"Farmers' markets that report accepting WIC, 2018"
PCT_FMRKT_WIC18,"Farmers' markets that report accepting WIC (%), 2018"
FMRKT_WICCASH18,"Farmers' markets that report accepting WIC Cash, 2018"
PCT_FMRKT_WICCASH18,"Farmers' markets that report accepting WIC Cash (%), 2018"
FMRKT_SFMNP18,"Farmers' markets that report accepting SFMNP, 2018"
PCT_FMRKT_SFMNP18,"Farmers' markets that report accepting SFMNP (%), 2018"
FMRKT_CREDIT18,"Farmers' markets that report accepting credit cards, 2018"
PCT_FMRKT_CREDIT18,"Farmers' markets that report accepting credit cards (%), 2018"
FMRKT_FRVEG18,"Farmers' markets that report selling fruit & vegetables, 2018"
PCT_FMRKT_FRVEG18,"Farmers' markets that report selling fruit & vegetables (%), 2018"
FMRKT_ANMLPROD18,"Farmers' markets that report selling animal products, 2018"
PCT_FMRKT_ANMLPROD18,"Farmers' markets that report selling animal products (%), 2018"
FMRKT_BAKED18,"Farmers' markets that report selling baked/prepared food products, 2018"
PCT_FMRKT_BAKED18,"Farmers' markets that report selling baked/prepared food products (%), 2018"
FMRKT_OTHERFOOD18,"Farmers' markets that report selling other food products, 2018"
PCT_FMRKT_OTHERFOOD18,"Farmers' markets that report selling other food products (%), 2018"
VEG_FARMS07,"Vegetable farms, 2007"
VEG_FARMS12,"Vegetable farms, 2012"
PCH_VEG_FARMS_07_12,"Vegetable farms (% change), 2007 - 12"
VEG_ACRES07,"Vegetable acres harvested, 2007"
VEG_ACRES12,"Vegetable acres harvested, 2012"
PCH_VEG_ACRES_07_12,"Vegetable acres harvested (% change), 2007 - 12"
VEG_ACRESPTH07,"Vegetable acres harvested/1,000 pop, 2007"
VEG_ACRESPTH12,"Vegetable acres harvested/1,000 pop, 2012"
PCH_VEG_ACRESPTH_07_12,"Vegetable acres harvested/1,000 pop (% change), 2007 - 12"
FRESHVEG_FARMS07,"Farms with vegetables harvested for fresh market, 2007"
FRESHVEG_FARMS12,"Farms with vegetables harvested for fresh market, 2012"
PCH_FRESHVEG_FARMS_07_12,"Farms with vegetables harvested for fresh market (% change), 2007 - 12"
FRESHVEG_ACRES07,"Vegetable acres harvested for fresh market, 2007"
FRESHVEG_ACRES12,"Vegetable acres harvested for fresh market, 2012"
PCH_FRESHVEG_ACRES_07_12,"Vegetable acres harvested for fresh market (% change), 2007 - 12"
FRESHVEG_ACRESPTH07,"Vegetable acres harvested for fresh market/1,000 pop, 2007"
FRESHVEG_ACRESPTH12,"Vegetable acres harvested for fresh market/1,000 pop, 2012"
PCH_FRESHVEG_ACRESPTH_07_12,"Vegetable acres harvested for fresh market/1,000 pop (% change), 2007 - 12"
ORCHARD_FARMS07,"Orchard farms, 2007"
ORCHARD_FARMS12,"Orchard farms, 2012"
PCH_ORCHARD_FARMS_07_12,"Orchard farms (% change), 2007 - 12"
ORCHARD_ACRES07,"Orchard acres, 2007"
ORCHARD_ACRES12,"Orchard acres, 2012"
PCH_ORCHARD_ACRES_07_12,"Orchard acres (% change), 2007 - 12"
ORCHARD_ACRESPTH07,"Orchard acres/1,000 pop, 2007"
ORCHARD_ACRESPTH12,"Orchard acres/1,000 pop, 2012"
PCH_ORCHARD_ACRESPTH_07_12,"Orchard acres/1,000 pop (% change), 2007 - 12"
BERRY_FARMS07,"Berry farms, 2007"
BERRY_FARMS12,"Berry farms, 2012"
PCH_BERRY_FARMS_07_12,"Berry farms (% change), 2007 - 12"
BERRY_ACRES07,"Berry acres, 2007"
BERRY_ACRES12,"Berry acres, 2012"
PCH_BERRY_ACRES_07_12,"Berry acres (% change), 2007 - 12"
BERRY_ACRESPTH07,"Berry acres/1,000 pop, 2007"
BERRY_ACRESPTH12,"Berry acres/1,000 pop, 2012"
PCH_BERRY_ACRESPTH_07_12,"Berry acres/1,000 pop (% change), 2007 - 12"
SLHOUSE07,"Small slaughterhouse facilities, 2007"
SLHOUSE12,"Small slaughterhouse facilities, 2012"
PCH_SLHOUSE_07_12,"Small slaughterhouse facilities (% change), 2007 - 12"
GHVEG_FARMS07,"Greenhouse vegetable and fresh herb farms, 2007"
GHVEG_FARMS12,"Greenhouse vegetable and fresh herb farms, 2012"
PCH_GHVEG_FARMS_07_12,"Greenhouse vegetable and fresh herb farms (% change), 2007 - 12"
GHVEG_SQFT07,"Greenhouse veg and fresh herb sq feet, 2007"
GHVEG_SQFT12,"Greenhouse veg and fresh herb sq feet, 2012"
PCH_GHVEG_SQFT_07_12,"Greenhouse veg and fresh herb sq feet (% change), 2007 - 12"
GHVEG_SQFTPTH07,"Greenhouse veg and fresh herb sq feet/1,000 pop, 2007"
GHVEG_SQFTPTH12,"Greenhouse veg and fresh herb sq feet/1,000 pop, 2012"
PCH_GHVEG_SQFTPTH_07_12,"Greenhouse veg and fresh herb sq feet/1,000 pop (% change), 2007 - 12"
FOODHUB18,"Food hubs, 2018"
CSA07,"CSA farms, 2007"
CSA12,"CSA farms, 2012"
PCH_CSA_07_12,"CSA farms (% change), 2007 - 12"
AGRITRSM_OPS07,"Agritourism operations, 2007"
AGRITRSM_OPS12,"Agritourism operations, 2012"
PCH_AGRITRSM_OPS_07_12,"Agritourism operations (% change), 2007 - 12"
AGRITRSM_RCT07,"Agritourism receipts, 2007"
AGRITRSM_RCT12,"Agritourism receipts, 2012"
PCH_AGRITRSM_RCT_07_12,"Agritourism receipts (% change), 2007 - 12"
FARM_TO_SCHOOL13,"Farm to school program, 2013"
FARM_TO_SCHOOL15,"Farm to school program, 2015"
PCT_DIABETES_ADULTS08,"Adult diabetes rate, 2008"
PCT_DIABETES_ADULTS13,"Adult diabetes rate, 2013"
PCT_OBESE_ADULTS12,"Adult obesity rate, 2012*"
PCT_OBESE_ADULTS17,"Adult obesity rate, 2017*"
PCT_HSPA17,"High schoolers physically active (%), 2017*"
RECFAC11,"Recreation & fitness facilities, 2011"
RECFAC16,"Recreation & fitness facilities, 2016"
PCH_RECFAC_11_16,"Recreation & fitness facilities (% change), 2011-16"
RECFACPTH11,"Recreation & fitness facilities/1,000 pop, 2011"
RECFACPTH16,"Recreation & fitness facilities/1,000 pop, 2016"
PCH_RECFACPTH_11_16,"Recreation & fitness facilities/1,000 pop (% change), 2011-16"
PCT_NHWHITE10,"% White, 2010"
PCT_NHBLACK10,"% Black, 2010"
PCT_HISP10,"% Hispanic, 2010"
PCT_NHASIAN10,"% Asian, 2010"
PCT_NHNA10,"% American Indian or Alaska Native, 2010"
PCT_NHPI10,"% Hawaiian or Pacific Islander, 2010"
PCT_65OLDER10,"% Population 65 years or older, 2010"
PCT_18YOUNGER10,"% Population under age 18, 2010"
MEDHHINC15,"Median household income, 2015"
POVRATE15,"Poverty rate, 2015"
PERPOV10,"Persistent-poverty counties, 2010"
CHILDPOVRATE15,"Child poverty rate, 2015"
PERCHLDPOV10,"Persistent-child-poverty counties, 2010"
METRO13,"Metro/nonmetro counties, 2010"
POPLOSS10,"Population-loss counties, 2010"
